<?xml version="1.0" encoding="UTF-8"?><idempiere Name="RemittanceAdvice" Version="1.0.0" idempiereVersion="" DataBaseVersion="" Description="Sends remittance advice emails from Payment Selection records." Author="" AuthorEmail="" CreatedDate="2018-04-18 00:40:56.916" UpdatedDate="2018-04-18 00:40:56.916" PackOutVersion="100" UpdateDictionary="false" Client="0-SYSTEM-System" AD_Client_UU="11237b53-9592-4af1-b3c5-afd216514b5d">
    <AD_EntityType type="table">
        <AD_Client_ID>0</AD_Client_ID>
        <AD_Org_ID>0</AD_Org_ID>
        <EntityType>QSS_LCO</EntityType>
        <IsActive>Y</IsActive>
        <Name>Localizacion Colombia</Name>
        <Description>Localizacion Colombia desarrollada por GlobalQSS</Description>
        <Help>Localizacion Colombia incluye las modificaciones necesarias en materia de impuestos para Colombia, manejo de retenciones de IVA, ICA y ReteFte, reporte de medios magnéticos para la DIAN, generación/validación del dígito de verificación del NIT.  Desarrollado por http://globalqss.com</Help>
        <Version/>
        <ModelPackage>org.globalqss.model</ModelPackage>
        <Classpath/>
        <Processing>N</Processing>
        <AD_EntityType_UU>9db5bbfc-8c5c-4ca6-bf31-d86f175d7fe4</AD_EntityType_UU>
    </AD_EntityType>
    <AD_ToolBarButton type="table">
        <AD_Client_ID>0</AD_Client_ID>
        <AD_Org_ID>0</AD_Org_ID>
        <ComponentName>Remittance advice</ComponentName>
        <IsActive>Y</IsActive>
        <Name>Remittance advice</Name>
        <IsCustomization>N</IsCustomization>
        <ActionClassName/>
        <ActionName/>
        <KeyStroke_KeyCode/>
        <KeyStroke_Modifiers/>
        <AD_ToolBarButton_UU>0080c990-f544-4755-a3f2-56c6a9b3a612</AD_ToolBarButton_UU>
        <Action>W</Action>
        <AD_Tab_ID reference="id">352</AD_Tab_ID>
        <AD_Process_ID reference="uuid" reference-key="AD_Process">1e5332a1-71e7-4896-9fb5-be79f14e4b0d</AD_Process_ID>
        <DisplayLogic>@Is_Processed = 'Y'@</DisplayLogic>
        <SeqNo>10</SeqNo>
        <IsAdvancedButton>N</IsAdvancedButton>
        <IsAddSeparator>N</IsAddSeparator>
    </AD_ToolBarButton>
    <AD_Process type="table">
        <AD_Client_ID>0</AD_Client_ID>
        <AD_Org_ID>0</AD_Org_ID>
        <IsActive>Y</IsActive>
        <Name>Remittance advice</Name>
        <Description>Sends remittance advice</Description>
        <Help>Once the payment has been printed/exported successfully (with invoices in the selection now marked as 'paid') then the remittance advice can be sent.</Help>
        <ProcedureName/>
        <IsReport>N</IsReport>
        <Value>remittance</Value>
        <IsDirectPrint>N</IsDirectPrint>
        <AD_ReportView_ID reference="id"/>
        <Classname>au.blindmot.remittance.Remittance</Classname>
        <AccessLevel>3</AccessLevel>
        <EntityType>U</EntityType>
        <Statistic_Count>61</Statistic_Count>
        <Statistic_Seconds>37880</Statistic_Seconds>
        <AD_PrintFormat_ID reference="id"/>
        <WorkflowValue/>
        <AD_Workflow_ID reference="id"/>
        <IsBetaFunctionality>N</IsBetaFunctionality>
        <IsServerProcess>N</IsServerProcess>
        <ShowHelp>Y</ShowHelp>
        <JasperReport/>
        <AD_Form_ID reference="id"/>
        <CopyFromProcess>N</CopyFromProcess>
        <AD_Process_UU>1e5332a1-71e7-4896-9fb5-be79f14e4b0d</AD_Process_UU>
        <AD_CtxHelp_ID reference="id"/>
        <AD_Process_Trl type="translation">
            <Help>Once the payment has been printed/exported successfully (with invoices in the selection now marked as 'paid') then the remittance advice can be sent.</Help>
            <Description>Sends remittance advice</Description>
            <Name>Remittance advice</Name>
            <AD_Language>es_CO</AD_Language>
            <IsActive>Y</IsActive>
            <IsTranslated>N</IsTranslated>
        </AD_Process_Trl>
        <AD_Process_Para type="table">
            <AD_Client_ID>0</AD_Client_ID>
            <AD_Org_ID>0</AD_Org_ID>
            <IsActive>Y</IsActive>
            <Name>C_PaySelection_ID</Name>
            <Description/>
            <Help/>
            <AD_Process_ID reference="uuid" reference-key="AD_Process">1e5332a1-71e7-4896-9fb5-be79f14e4b0d</AD_Process_ID>
            <SeqNo>10</SeqNo>
            <AD_Reference_ID reference="id">13</AD_Reference_ID>
            <AD_Reference_Value_ID reference="id"/>
            <IsRange>N</IsRange>
            <AD_Val_Rule_ID reference="id"/>
            <FieldLength>0</FieldLength>
            <IsMandatory>N</IsMandatory>
            <DefaultValue>@C_PaySelection_ID@</DefaultValue>
            <VFormat/>
            <ValueMin/>
            <ValueMax/>
            <ColumnName>C_PaySelection_ID</ColumnName>
            <DefaultValue2/>
            <IsCentrallyMaintained>N</IsCentrallyMaintained>
            <EntityType>U</EntityType>
            <AD_Element_ID reference="id"/>
            <ReadOnlyLogic/>
            <DisplayLogic>@C_PaySelection_ID@=0</DisplayLogic>
            <AD_Process_Para_UU>71783c9c-a941-47c3-9a84-0b544972e741</AD_Process_Para_UU>
            <IsEncrypted>N</IsEncrypted>
            <MandatoryLogic/>
            <Placeholder/>
            <Placeholder2/>
            <AD_Process_Para_Trl type="translation">
                <Help/>
                <Name>C_PaySelection_ID</Name>
                <Description/>
                <Placeholder2/>
                <Placeholder/>
                <AD_Language>es_CO</AD_Language>
                <IsActive>Y</IsActive>
                <IsTranslated>N</IsTranslated>
            </AD_Process_Para_Trl>
        </AD_Process_Para>
    </AD_Process>
</idempiere>
